<ImportExportXml xmlns:xsi="http://www.w3.org/2001/XMLSchema-instance">
  <Entities></Entities>
  <Roles></Roles>
  <Workflows></Workflows>
  <FieldSecurityProfiles></FieldSecurityProfiles>
  <Templates />
  <EntityMaps />
  <EntityRelationships />
  <OrganizationSettings />
  <optionsets />
  <WebResources>
    <WebResource>
      <WebResourceId>{7a254f84-f23a-e511-80c6-00155d048d13}</WebResourceId>
      <Name>mag_/js/alert.js</Name>
      <DisplayName>/js/alert.js</DisplayName>
      <WebResourceType>3</WebResourceType>
      <IntroducedVersion>1.0.0.0</IntroducedVersion>
      <IsCustomizable>1</IsCustomizable>
      <CanBeDeleted>1</CanBeDeleted>
      <IsHidden>0</IsHidden>
      <FileName>/WebResources/mag_jsalertjs7A254F84-F23A-E511-80C6-00155D048D13</FileName>
    </WebResource>
    <WebResource>
      <WebResourceId>{60493355-0b52-e611-80d5-00155d048d13}</WebResourceId>
      <Name>mag_/css/alert.css</Name>
      <DisplayName>/css/alert.css</DisplayName>
      <WebResourceType>2</WebResourceType>
      <IntroducedVersion>1.1.0.0</IntroducedVersion>
      <IsCustomizable>1</IsCustomizable>
      <CanBeDeleted>1</CanBeDeleted>
      <IsHidden>0</IsHidden>
      <FileName>/WebResources/mag_cssalertcss60493355-0B52-E611-80D5-00155D048D13</FileName>
    </WebResource>
    <WebResource>
      <WebResourceId>{71c72758-1052-e611-80d5-00155d048d13}</WebResourceId>
      <Name>mag_/img/alert.png</Name>
      <DisplayName>/img/alert.png</DisplayName>
      <WebResourceType>5</WebResourceType>
      <IntroducedVersion>1.1.0.0</IntroducedVersion>
      <IsCustomizable>1</IsCustomizable>
      <CanBeDeleted>1</CanBeDeleted>
      <IsHidden>0</IsHidden>
      <FileName>/WebResources/mag_imgalertpng71C72758-1052-E611-80D5-00155D048D13</FileName>
    </WebResource>
    <WebResource>
      <WebResourceId>{69709921-5f54-e611-80d5-00155d048d13}</WebResourceId>
      <Name>mag_/img/alert_load.gif</Name>
      <DisplayName>/img/alert_load.gif</DisplayName>
      <WebResourceType>7</WebResourceType>
      <IntroducedVersion>2.0.0.0</IntroducedVersion>
      <IsCustomizable>1</IsCustomizable>
      <CanBeDeleted>1</CanBeDeleted>
      <IsHidden>0</IsHidden>
      <FileName>/WebResources/mag_imgalert_loadgif69709921-5F54-E611-80D5-00155D048D13</FileName>
    </WebResource>
  </WebResources>
  <Languages>
    <Language>1033</Language>
  </Languages>
</ImportExportXml>